{
    "temperature": 0.5169575094048032,
    "top_k": 22,
    "top_p": 0.8909592815594151,
    "min_p": 0.0005814204662391742
}